feature,mean_abs_weight
polarity,0.0879207125583732
uncertainty,0.03660735602465189
fundamental_strength,0.02462980959123832
litigious,0.0237866510943511
polarity_conf,0.022900502959078372
